metric,mean,std
dice,0.6225035154393203,0.18536927420670393
iou,0.572231183624416,0.17499690053102565
precision,0.7733066243396116,0.19160557562778865
recall,0.7869338200772336,0.16794043215128993
