metric,mean,std
dice,0.6229134784898429,0.19162151612964487
iou,0.5716583316353527,0.18111735839124268
precision,0.7662985438491482,0.19235609143164914
recall,0.7919405502220873,0.17470299869385286
