{
  "training_loss": 1.0261618781894393,
  "training_time_seconds": 4161.548518896103,
  "training_time_hours": 1.155985699693362,
  "global_steps": 563,
  "epochs": 1,
  "bleu_score": 0.0
}